00cjhz62tk5qznzt,ea82f997-9f57-3edc-a9a5-0f3fcddcd192
0fes6p7a2q4g3oiy,a05f2173-283f-3893-8d89-b2ba41ab30d5
0guqqgkfut,8bff05d3-5303-39ed-81d4-68724131991f
0jaw_cgtydqrhgpf,ce383099-926e-320c-a669-ca286c5ce069
0nzw4x3ft1kpudbs,8f4e1278-d080-36c9-9563-93f92eddcff7
0oadab8rqnbftvje,d768ee8d-15bc-3a26-9d33-03f7ecbd5a66
0riux,c949058f-39be-3c2b-afff-9a5b5b6ffb6e
0vptcrdsrawhuehx,7e921af2-8bb7-39b6-9a1c-144765d2d55b
0xegi7ie3v8gtgwe,8aa455cf-dd4a-3db8-afa6-26d68101b408
0xhs6aktbxsbpyzn,61e36964-ed90-3e80-b82f-dcad0bea102a
0y8lou42jwhiktz2,49110763-be8c-3067-a6c6-70410c822328
1000cupcakes,090665b6-1708-3b92-aa3c-40ca9a5065cb
14lg__9ntjphtcm7,d8d0a448-6d3c-3425-932d-cec9c6ffc142
1fpya4oyzo,7e6fa7d0-4be3-3e68-8e01-1dfc254e4368
1nwkeme9vbni2_g6,0398b681-0545-3259-8243-e01cf12a804e
1rglqsbfpowirvzw,a2bb0000-ec97-3fb1-9a4c-0ee0d90b8f4e
1rhbd5nff4oz6vue,c314c605-dc89-3d5c-be09-8035979d605e
1xiga0r8xs8jpi1u,53b882d8-4118-3174-a750-58c5e0b16c33
26iocnqn4kasdq5y,c6d58df2-b56e-3c0f-ab2b-7711a716b519
29gaiwmomr1ctrqi,0a1acab9-9050-3e9b-b367-d6bb127684b6
2cx0vesize0gueln,7c5f9506-93cb-37ce-ae1d-9c9ce3aa4548
2im3vf8qsjtcrs7n,3621f0be-cd97-3e86-91d2-71d41359a7e2
2mx75kxgizrvhzje,adf2b89e-5324-399d-b06e-2c66a32ee8e5
2sn25_kiaiuk2jq8,83b759ad-b7a8-3c78-9b1b-bc03c49cae58
31xz6rsn37sqpoad,7f3be985-6a97-3ff9-82fc-58a5d8f46512
3oucf8o5fchbjpky,efcb93c3-8881-3577-afea-ca906afcd7f2
3rl0n69iclsmd8oc,666f9b87-3529-34f1-ab8b-f26927f9db08
3sq_tau0y_bnvlbb,77969cca-b0f6-3bf6-9629-5264746d0824
3sxnenfu6qptrmtx,25f35dec-5337-371d-b1c6-141eab782259
3tlp9kbsycgn64pq,4161828b-62e9-32b9-90a1-b3cf5514dc65
420_innit,5bdcccbc-3f2e-3988-82c6-8dd4b9d01c9d
46irdf2lik,9d4b5030-4d99-3f63-89d6-e06fae7d2d2a
4dgpso_el515oray,2a6f5d92-fc96-36b9-870a-c1e8af1cbb31
4mc5tx3n2cb_vbb4,b17b4f7c-ae20-3ec9-9df2-a7a73c2bbe73
4wbn8nz8_nupx74h,f974b275-dfd5-3c68-bec5-3314f3f59a45
4wsilinfleqd9bvt,0a9c5651-f8c7-3344-b29f-b20609cbc20e
56avjbjrum,dfc1125a-54a9-354b-a2f1-0b6481fccc6d
5akkaps1cli7dqje,a25ee044-1792-3719-9c49-e6c63f611682
5k78x7fszay5ugkg,817c3b57-9845-3626-a523-eba31732d782
5ovxyld53yszgsl_,9111b720-da2a-3c49-befd-cc98874ea143
5rzxiewnxeb_3ejw,a0b58a53-e80f-39af-9676-7567a34754ee
5u97iopuiye9wqoq,577d6ec0-0a81-3fbe-b9cb-738b6366fc3b
5uf1pdtnlpg_caxp,d2ac2651-450f-3152-b60f-0bb3b70fd1cd
5xfpkl6_wr4kx3hi,39125834-761a-309f-b559-7408860f8f73
5xv600i15d,5e1d3b03-4776-3902-8c09-b331585e97c2
5y30c_71p2vmdzxs,5163ac41-a26c-3fb5-bd66-3c1b02bfb29c
699mbi79pbdca1n0,92716ce6-49c4-3ca8-b698-d52fb3deaaf4
69carloxss_,b9a1d3f3-9636-38d3-b65f-395ee42a748d
69wtf69,0cb88749-e670-3834-9388-b19fd1fea259
6a0eieqo0ggu8wyj,118b1651-0945-3f4f-b867-91fd97bbd230
6czirjpgmuxkxfgm,41e888f8-b6ae-30ac-ba37-ef0eb506f246
6efojdtxk1t60bbt,9aced505-a05d-3a80-99c0-b7f204c7d962
6iiqa2fuicqysm6z,9c25c4d2-e53b-3fbd-9b32-a3d2bbf9e20e
77chainblade,fd5bacce-b8f3-302c-b904-7180e11e9ca7
7ba9gby8cj,bf570b6a-ebcd-3c96-b113-518b0c9aac36
7d7fmhxumcsrcvze,463993f6-9f5d-3a20-8e20-64728e3916fc
7mc7,11369dd0-c8ef-3c7b-910a-3232c6b55e8b
7ovnekgm03r6acwj,110a8673-7f6e-3921-a55f-ddb39a97eb41
7ptuovdvpvd4lv8s,4488d798-7b48-3a15-aac9-72f714c1e63a
8cokq1b87r3j_kpc,f338540a-a647-3acc-a0f3-8cb19b0411c1
8el4baddi7bhfn4s,6c6deacb-bce8-3b51-b6e6-74a84c58ae4e
8j3gsouttodf2jzs,f450010d-99c3-3210-8a78-d1f4ddd882ca
8jkpm2gfsz2lvrpg,7502c514-2626-34bd-a569-46b72d5ac530
8ku4_kkkmcc6s75b,56564bb9-f678-3de4-a3d1-95fd687bcddd
8zdqvobzcw,b4dca5c1-e2c3-3055-85c7-0db7bda34a92
99milzman,19faf44d-9705-3350-80f8-eaea56bc992e
9cmsjrdlpvwaej7u,e07bdd3a-ea67-3ade-92cd-48df57033521
9cnvuxhszj4ag6zd,0412d5da-51b4-36f0-94c6-0dcfe956bcf1
9goyyvtqq9,9cc4a850-e5e5-30ca-8f21-5b11119b6df8
9osdxwrqgucmh9y0,1e394d62-69f4-3b29-a416-a39811bb30f8
9qlij0gecyw_6mcy,4532e07d-064b-3ce9-9bc7-21a20fea946e
9vg40wzmwzviov8d,11f66ba4-82f5-3461-ba09-d79d32599e98
9wajumr_czrhhke9,25f78c8b-9d52-3245-b657-608b513f782c
9wqoblgeqn_h_xnv,f6a20a77-5d2c-3ba0-bbbd-9849567340c8
_,49cdfde1-69b5-3f8c-abc6-4d441e451d56
_28qv17igdjlyq6i,03a78b0d-66e1-391d-84f0-0293574d8704
_9xfwjk2yvsc8av9,aecb0b6e-a4d0-3a64-ab7d-99aabf6a092d
___,3aa10d45-6372-352e-b9af-2eba497ed912
_actkxvfyd2smk92,7bc4255a-4368-3a44-bd45-f460f4a843ce
_ailnr08lbnp0ijc,0aaf2d3d-e081-3efb-975c-f7795fda5eb0
_asentol,789a8803-c958-309e-b935-a53eda609c83
_bielvaz_,65f6ec38-7e7c-3c2a-9529-d0a4554c7422
_crazyy_gamer_vn,9005b44d-d0b7-3c66-97f0-fc44ba8996be
_gruublacktea_,0cdc1eb1-18fc-32dc-b2d8-ecdc48b69a0a
_jiper_,4600290d-1eed-314a-a55c-2cff53493554
_lattekungzch_,3807c38b-cd1c-3580-9db2-f50cb4cb8922
_o09thjrnahmtyf6,70236662-5f82-3a2e-88cc-c3d0cc3dc83b
_p_hf6e3a7_r0il7,2edce95a-0817-35ff-b29a-15cad87569d8
_sharplex_,456c94f7-d2d1-319e-b951-ea963b560eca
_theravyk0_,bf4faa94-c72e-35a4-970a-f5d9a5f390a8
_theravyk_,ebafe8f0-de7b-3c95-8cb4-6c1eedc7e7cd
_vizy,8ddc11a7-c409-337b-af44-2a51d28a45c7
_vzajzm6xjlmbso0,7dafbeea-7e7a-3047-a774-e61daef72d6e
a1as5x7naial4mbo,436ac79f-6da9-3864-9d00-1d9d652f5574
a6rx__ifb42wlsas,6eee0d4d-f427-3a8b-8741-b60fc8228f52
a6zxaevsbhdyvcol,ab2f83ef-1a97-39e7-98f7-a9ebbdb9e091
a7orobtfmqxbbhyl,2d71e70d-abec-379a-91f3-50b00ede079c
aabvv5vkfff_vrfv,236078a1-c189-3e83-9c17-8042d413c7ca
abskamath1,379a8877-7dff-3f62-9976-deec50d0319e
addplusone,24a25f46-000c-3b5f-a218-d9e73fb6b317
adolia,bc8c7ae4-d7a3-3211-a980-50d3d30c672b
africa,be3d1b54-0cdb-322c-87e8-48f92c1603c7
ahuu6k5zjf2bgxyp,45be7aba-c996-32fc-b0fb-63d803a0bfd6
aihuu23ms,9a94a792-9904-34f5-a212-a60a77af425c
aiqfbkcbsgpjadt1,618b5a44-2fbf-3621-8b3c-9c838857b1a7
airos,65b07c77-6d0a-374b-8679-d61ab2930336
ak5_k38cprahmnms,45650ed3-c2e7-3ba9-b104-465b350112fa
akdlltlabaoqbq8u,de1cf946-a607-330f-a719-c9db09a43504
aklnoomy,99648c24-7dd7-3b6d-b8af-3bde098ccbd4
akst4zcaor,6fb6ab31-7eea-3726-bcd8-1871d64781df
alec97531,312df99a-3d57-333a-b7a2-f6735bf958c2
alexryanb,942c9656-c11d-3c6e-85c9-989c06f7f369
alicorn481,e958ac9a-01a9-3fdb-b189-c81b70ba9aa1
alo1xrlwidqmtzqi,abf41ea9-fd69-3d44-a358-470596de55e1
alpha_3105,8fd46dbe-80c5-3484-bee0-18cd7ce9642d
alt_01,687468ea-0f24-336b-9db4-f74f37c463e9
angrysquirlz,d29fd62a-68b6-3b10-8608-0c782cab441c
anhdz,c61fdb3e-1dcc-3cee-872b-68d68a7f07b1
anythingidc,531d213a-9ee9-3ada-9f26-c57daa8e4e1f
apserfvhaclsogzs,8d26e8b0-ed67-317a-8a03-e20da1342107
aqib32uv9bcn9zi4,804af4ba-8038-33f6-b9eb-fcc529da55f4
arinachan23,c8f02fa2-a56b-3d25-af77-720095626276
artifactgames,503abc71-bc67-33ab-beee-8b21c1a8ef8c
atoai_5vclaenika,8c945a25-0e6d-3d01-be79-9d81cd66c788
atodus,a5ef2b1e-3981-3bdf-a0f5-0c1fc24f5a33
avhl3ankqdb90kuy,d3ca416e-bb2f-39fa-99d9-ba8b45311578
ayalamer03,1881b342-4cc9-3242-85fe-961475144585
aydpigapvzau9tj4,8f150443-d808-3be7-ac97-12d206c065ea
aymys,0d9f2bdd-9e8b-3dfb-bff8-6c6ca0dcc0df
aywcw1sjpphakoiv,9206919b-ccda-3610-9ac7-084fee0687a6
azgnvlvunbzmmkbr,da79f07c-bcec-35c8-b57f-6542901feead
azure_dimples,1f56c0c7-d047-3ec7-9329-7f2fd9c65243
azurikrizu,c16f8c08-2ea4-3d70-8f14-4657d8a494e5
b0x_,70447189-0dc1-3e3f-a6dc-b1e1e191c8d7
b4fsm1_bdi3_rik9,3901c290-25a3-31d9-bb15-3702bb7716a6
baahm6egj3boqhzg,aabdd029-9a22-31df-8fc3-18aee674e7a6
badboyhalo,8c5ccb77-1903-3a74-858d-f8dbd0003a45
badmangm_vn,294f5b20-2b31-381f-a454-724539f6b5b9
ban_of_beans,4fc1c1e6-ab91-300e-8cdb-7be9c9feede3
bane_of_beans,38f2d332-5b2e-34b6-a188-6f40f295d6a2
batyote,4f2180d5-52cf-35a3-9ebe-f1aa583d93e0
bbrooks066,4a29d3fe-4405-3706-bf4d-78ac11a626da
bedwars_,8d49ac05-8414-3f66-a02a-b244c93a8364
beerlazy,1cfa72ee-6b0d-366f-a3a5-6cd7f5841088
belaneth,86160add-3437-398e-a5a4-a4766949a400
benben582,c1cae413-e195-35ef-8869-3ab1c734713f
beromain,f15028d5-75eb-39f2-8b70-f02b124a349c
bgeaman,38ee9f3b-027d-309c-bd19-495015340a05
biazinhah,18256db3-5093-3981-a599-d4879fd52747
big_noob12345,bf705561-0fa7-3a1e-99ed-ddadfbfedcdb
biggojira,1df7f25c-582f-3cac-8363-d6ac2f289e15
bignoob_1234,6a9fcfbf-16ae-32c4-bf27-36243f33d90e
bigpro_123,fbe45099-955e-3973-a853-8c0a11487069
bigtimewinner,030487f7-f88d-3dd9-b8fb-e64618cfadb4
bingbang2005,7bee122e-f380-3734-a9a0-f7a547a168e9
bip6a0,6b4bebc3-6ac7-36ef-9a23-6ef946c34523
bjcoljcjeo9enpxy,7d2cd8af-65f0-3988-9a85-4f2c2e505586
bk4dvzmwhotwuayh,9b792360-0c5f-321f-bff9-113f8d2707e5
bkdhsih3snaji1qn,bcfb95e9-6e8a-3d4e-95d4-68ac9ecce48e
blankthedoctor,4dbb03c5-5714-3189-a03a-b8f8368cf78f
blazindonuts824,81fab4c6-b11e-341f-bdc4-8191ef1b5010
bluzekluze,771a1b93-9bb5-3512-ae11-326a8e9b9a4e
bmanpyro,80706a63-5e3b-323f-b7c6-f9f0b6a9cfaa
boborito71,5228cb57-128f-3527-af7e-b6b8b59927d4
booghammer,5faa647b-c6cb-3673-a6f7-25185deb0493
bouzrwa4do_iqqyv,463354b6-06a7-3a69-b480-bdf0c5a23f36
bpijlsr9s8ioeix6,c2dd00ce-61b2-3700-b56c-df0803b68f71
bq9wa8gsca7tmrhx,7b9898ce-d7ad-381f-baab-4d9aba8a68b3
briiqn,cb42ff6a-36b7-4ad8-8c9b-74d28b7b8973
brjs1jh4cvdutlmz,d26ef4cb-bda5-3351-bd72-8cd655061ccb
brunolerch,1550947b-a958-35cf-a586-67df4e183585
btwri6v22a_52qll,82ea979e-1377-3213-bfd4-5fde23761109
bubblegg,3e37f38f-3714-3986-bb59-97ac53fb9128
bubmivgpnipzbgme,7baa5d29-4fdd-3d74-84b7-26fec067f9e6
buttersplatfan,a801de20-bc85-3401-ac1a-b8afbe6214a5
bx6hsvm1vxjme5gr,e9b42cab-4bac-385c-9432-13c0e346a92c
by5omovk1vgtpz_t,277fc252-6f5a-3238-b521-40e84fd5ea6c
byms1pjerp2l34k8,ab117ee0-2920-3c28-bcd4-cf0359ede4cf
c6i6obiiev9wbxeo,a6d3b861-fead-3a4b-a86d-b65955fdd82b
c6poi3saamemyxxj,44f85019-6921-3cae-9717-c10f8094c333
c7i_sxfhiovk8h8e,06bdd500-bb96-33a1-875d-4e60c748c613
c7zsr1vfbiqugycs,1b4765f1-004d-3a40-a9bc-78be6874aa56
c_nmykkcerinyoex,7ec5b572-3d09-39c1-a22a-7e5cca85a6bc
cat0fw6nqj62llf1,45d603e3-0aa4-3173-9013-2721bcba79c8
catharsist,2ed85504-cb5e-38d4-b76c-8a9772eca811
cdo03vvzimt_ywiv,18f23472-0e64-383b-bf0e-e47fee4786db
cfnph57qnqaydma2,0184575f-1003-33f3-9c9d-e1b96d85cfc8
cfpvxw9pevvlyxni,93a40ac5-eada-3c03-848f-0c16111580fd
charliepurth,17f444d7-661a-39a1-95ce-3bf3774eb5a2
cheeisy,04a7d6b8-8094-3fe7-acab-ea697492e5b7
chewiebonez,26cd215f-fc10-3ea6-8c7d-81af100a2ea8
chillboy,35a7787e-1b22-3420-8084-a5ad2e412553
chillboy513,2c0afb71-d59e-3df9-b92f-c65559eeef15
chrisamerica,2fb7fb31-80d6-3070-bdd1-a74229206b27
chrisk11,0bd7cd5c-68b1-31d0-831b-495a703f5fbf
chunnnky,5a900985-9158-32dc-aae9-d82b227e2335
chw2fklqrnl1ik62,8ac0307f-34e5-3444-b1ed-fdf0bbc0166e
ckddn,5d189dc1-bb8b-3cae-b65e-58ef2203ba92
clocker,63e17396-31ce-366c-9175-0662d8b1bab7
cloneop,61ff5ac3-77dc-3bf0-b950-83c756d33d17
cn062,16f17b45-5d71-3392-95ca-bed07dcf4c08
cobra,ead073f9-12e8-3c11-8d9a-4a3a46c2cf53
conghieu,7906401b-8f43-37f3-a436-3d350e3468aa
connerk7,1fbffe55-af9c-3512-a942-983b97c213ef
cool__,c0cdb3db-b045-3065-904d-0d4dfa15f6de
coolerthugxd,ec909334-a212-3670-9d06-bef253528f93
coolguy399,9102f13a-2519-3a46-ac61-9354709464bd
coolguy52,c2810c74-423e-3822-a417-e3bb22bf5e6b
cooljoebob,4be73df1-b6ef-31cc-94c5-3b56d22deb3f
coolxsoundss,a910b910-d088-32bc-9bd3-613c933e72bb
coopooz2312,320e974e-d9fe-389f-8601-78079ca982e7
corazontorro,ddc8de64-1c98-3090-9e98-1745e22438d0
cportsver,1a8d2d08-7df8-3e9f-aa71-7985f50393d9
craftinmaster117,8766f08d-9777-36fa-a8f3-cd21305d0151
crazygamer_x,48279207-b825-3f80-b424-3ee443db923f
crazynitro69,ffc71f55-679d-35cc-a4e8-e1eeb494c1b6
crazyway_vn,778f7b3b-8860-3e4a-9229-fc9d1e53e5d2
creepersteve123,40fa97b0-6ef1-3ff5-a353-a8b5bdc67dee
crimsonyoshi,d9675fe5-b5eb-34d4-b74f-1a457daf0d50
croyzkjhteujyv6y,6972ccba-dbd9-3aba-bf41-b42af1b45ea0
csqhoj_fjtyecvqk,631416b0-1368-3aa2-b1e0-8eb2741bd8a9
cvvxgj1uua4x5zln,c6d0110a-7775-3a00-9923-01b44edec68c
cwpbwz7zksso0pph,6dc77448-2418-3867-95a1-3c7aee0accc1
cyberprogram,622ad882-7780-3f5b-9d51-a85debaa31eb
czvs8wtoght8zzom,bce487d7-188f-3e0c-bd4f-6b81a969a698
d08vrwrawbdyfjuw,b4f830f7-bd40-354d-ba92-60c1eaec035c
d2m_rl8_nj64q99k,182ec010-ba7c-312c-a5de-2f44d1d33bc9
d8_abgikryjxxdzh,2e68f369-d2e9-32db-8711-06db381c96a5
d_u2m6lgdas4z6le,192d4cc7-851b-3990-bbab-5e64d6928c50
da35tf07vh_6evgj,2688148f-2b23-3363-ad27-db21c43359ac
dabcat656,6ca2a8bf-fb94-3145-9836-96587f598021
dahbakon,8ffdf81a-c830-30b0-bc8e-694c86f11d84
daisyjo20,fb5053f9-11f2-337c-825c-e3be1fc9815c
dark_pow3r317,2659e28c-bd28-356d-8cfe-03ad47da19a5
darker1126,bdd3a898-f3a8-35fa-81b9-e990e3844634
darkweider_,b816feab-9266-3eaf-a451-65021536de84
darstidos,2e146675-76a5-36e2-9513-f98bdcb693a4
davidgamezyt,3e0272b5-eceb-3a0f-a79f-e93cd5cbac67
daylflw,b835fd25-5b95-3bc2-a6b1-898a0c888344
dbrnnnzzo0_srlrx,90e02a1d-5f2a-35e4-b516-a9b633ea9d34
deadlydent101,e5b42777-b38c-3ff8-b2be-c7d61b4b7b7c
demon_tuan_vn,cfd81219-3890-30e0-993c-c294932dfd66
deyjvcfg,91841bb3-c902-35c2-ae23-5b3416abc579
diamond_golem,bff18d78-800a-340a-a9ed-301f56505c9c
dibo,3fcc9c19-91f4-39b6-9b54-a5563c792e7c
dieheart,8786974b-4b18-36b2-b2de-732436fcf28f
dilttdarcd,20be3090-b997-33ee-8413-497aad2b621d
discord,59cfcba4-865a-383d-b052-ce1831f67a9d
dlcxemxhdgokcile,9058ffff-be6e-3abc-b430-b4b09f0221e9
dldyqmhsjcmali9s,218a0ab1-b7f2-334d-ae8a-77eed36c34cf
dleesmnw198x7vy2,7078223c-8997-3cc8-94a9-cbe1b68b7f3c
doctoerra,974e90fa-4d79-3646-86d5-377a22c7cf40
dontcareyou,00cc26fd-142d-3f7b-9ca7-265b31b9e9f3
dora_k,bc8a0a54-470f-3b35-97a0-4a10afca3aeb
dotpxe2v996un6jt,09fa237a-a7e2-37a7-8596-93d6ba91ee45
dotz5_owon80yu6b,fc82a90e-1d40-3187-ace5-6ca5509e23a3
dpvfimdrgderewcy,6b605bf3-8b4f-33be-b8d5-5f24673dc8d0
drdeathdefying,fc37ee67-ab1c-3fc4-8b9e-a7aa12a1432a
dsf3lcklov49ute5,0ba60ddc-3c4a-32e2-b246-793b25dc3aed
dslayerz_owo,af83e643-1825-311a-8a4d-e59d2412dd11
dso1mjepyb,2976b8b9-bc9c-3a4a-8f89-0dee0b3b5aed
dt_bduvogrcse6fb,003f0038-f757-3c6d-a598-d42f42c1a4fc
dtovtfykzyinzpx5,ce2ad776-5fff-3385-8746-b4e38886f1a2
duke,2206bc43-8ac1-359b-8ee1-1c27b744eeca
dusty,d7079837-f098-315a-8d1c-f3db9c8ae351
duy211,43aa2b3a-e2ef-3822-9b45-1ce1cd42e254
dvhutrefu7uid3tk,1ad57267-6570-3f8d-9d05-3b3892323bba
dy1_,737a32fd-982a-37be-b6e4-eb2a63fa57bd
dz4uemwah0lwcu57,752f7e2e-f950-34ef-b50b-4276d120334b
e1kdqjq23qmrqbnu,2287a60e-9492-399c-b174-42d25a3b7727
e3kqiohpcpaw6xkt,6f1a951e-d36c-32ff-927d-f799b09c650b
e_fzh6mddokvmt70,9e8a5fa9-1cbb-37d9-a65d-d277c822665a
eaboap1lp,58f8835c-680e-37e3-a34d-763a3d4758b8
eb3iejmmvtrx7gft,4fe1bc37-cb8f-339e-99e3-35f6c24cc6e8
eeren_,2ab90216-ff70-3a3b-ad92-d0591df11f4b
eggpvijle_amqb_r,7e2b92ff-a3a7-32c9-bead-f4be807a5d13
eidgejn8iqc5eyc8,f14c89a5-e563-3dbf-826a-0b14f8e71c34
ejdibech0f5izltm,f0aa4d91-d20a-3e83-9abc-b346e1042f6a
el5wen1mfdysnsa1,97e36765-74c3-33e6-b6a8-313e56836dbc
elg1hxrxmtuukyrt,5f7e130d-0239-38bf-910d-93dd552b6fbb
eminence_k,039ab104-be2e-352e-afd6-14261085d43d
emirhan13tr,cb61c91b-6be6-3b33-803c-b4cb645edf73
emogamingtr,2a0a3fec-801b-3e17-a8d6-67a7a566bf1b
eptrvwl7sodrwuyc,710adb0f-dadb-3797-a591-28f9e879c0f8
erikjq,ec84d461-2421-3f6e-9ace-47c5200aa880
erustaq,da29393c-6d35-3481-9274-730c76fb4092
eruza,b63918ad-80d5-3ffc-ae94-6a7eb1f26665
esmaybe,3ca5d774-e0cc-39f9-bf82-c35115be4af5
espike7,d528d770-94fc-342b-86a6-b339e3d6ce6f
et494eijfiqz84bc,195a7493-897e-3007-8e1c-552b7a161421
etfn3vtytiqgkm8j,498003b3-780a-373a-abc6-199629f88619
etowaffle,ec7529c2-1a70-3dc7-85ea-08f2427adfd0
evilevan82,e6828439-b961-3c76-aa7f-da59dca2b517
evilope,af8e97b0-6882-3331-b2e0-5ebd84b8fef5
f3as9ambfxldmuxx,d2342bb3-d88f-3736-89ad-afb19753317b
f7rikm5tdhy38hoo,1534d243-9aa6-3f37-a501-a78912732885
f_zajhhojt3ocdrb,63d1ed68-d4fd-30ca-a2fb-f2eeac81a3ea
fakepickle,54c7e50b-7824-353d-9ba5-f2c2dfbfeda1
fansipanmountain,ff672c1b-7beb-3b0a-b701-769de063600a
farkedilmem,474e96ec-d1f8-3665-b587-4c8e1f0e6469
fidd0xgzb2yhsiti,b3df3945-832d-3a4d-9df0-e118af0c9738
flamerdetector9,ff3ebc8e-efc7-38ac-936e-59c3f19798de
foxxy2112,6f4e4229-7090-3db2-8489-98a4c4ec551c
fre3dom_fight3r,b494d7b2-6a57-31fa-b601-f0941f1a3514
freckledew,3e1a3718-8e46-3573-b5db-85f25776ffc2
fsuisback2011,5d2fbf7d-2756-37f2-8369-d4b90853ec3e
ft_dfoe6jk4nj64s,bb384b21-829a-35d7-b659-5c57c4359291
fuego_tortuga,c9c5c870-0d35-30e9-8c0f-98fa83d8e9da
g007dyg0sph_es_a,41a93b57-fea6-34ac-8aba-571808ca7cbf
g2lsdkvqagzlcru6,e5006bc5-973c-37cb-8d87-e6661c27959c
g7xihy9ijw5z2kqn,ea57c757-efe1-397d-bd93-efa826605173
g8ujxuke7scikgut,97304034-523f-321a-86e8-b2d90b99bfa1
g90wz32onmucyyaf,989792ac-cf30-35eb-8807-d8fc0187d3f6
gaara1125,e82d5d14-5e79-37e6-82cb-c5ea1b63221a
gabesyfy,0e8452e9-46ee-39a7-9d90-937f0d80973e
gamerpro4731234,ae40dee8-4e86-3226-ac2e-e0792c5e3f43
gamesactorlp,90a73385-25fc-3a30-884c-c8953da98ec2
gamingjack,beeeeeda-bbd3-30dc-a108-f27c470408e5
gamingpvp_vn,123ed63c-c536-3490-ac68-13c6703e85fd
gangmemberfuusty,94fd1cfe-20a2-3a68-a4f7-45bddb6287d4
gastronam,1aa3f5b4-9bf3-3034-93c3-8097cdc9cdfe
gbaonoobvn,9ddfa8f4-24ff-3dd6-bbc6-f01fbb05e844
gbiohalts6ry8efz,9ebfbd37-4e5a-3e32-aed0-294c48954578
gbymria9eyyzmptb,fc04b9a4-587d-3ee4-a4bc-639fd9d7daae
gcb9lpsysnlsrwvo,adddac21-0ed9-3b24-a294-70a98772fbda
generalraz,484cd0d4-811d-3de6-a0ed-ef42068aabc9
gfyuaaifsgdk41lb,fc575fbf-7718-39e2-ab80-a1d2e0e9caad
gila_bor,f2884730-046a-3353-b8db-e67eb6400870
gmnodo,f907b19d-b0fa-3128-96ab-6ba7d36eed3f
gn6suiwur6ddomgo,71cb094b-7540-357c-9057-49e949fd3085
gody_ytb,5bee9aaa-7f21-3d54-968b-902d7189c025
godymc_vn,75636027-d8b2-3af6-a39d-567649847aa0
godymc_vn_,5c4b8fdd-fd43-30fa-b9bb-dbead9ceed30
goe3rhoai1mum3xc,326019da-1705-3bb0-9d4b-77528b4f7cd0
goldrim,004a706d-5eee-3d5e-b6d4-a0e9ab1f43a9
googleorangee,fa2b9551-9177-38fe-b396-9b3d18c22e7f
gqscmy7xkhhmnvql,f036c1b3-ef90-3839-840e-a21f75d36781
grantapple,7a5a2cbe-faa1-30d2-9cbc-149e11b9bc0a
greenwins,1895940a-4858-3ff3-84cc-836d05b1b6ac
greenwood,31607c65-24df-3d56-941a-0d9a25b2d76b
gsammisdznmymqsp,f21870f3-c7b2-3a6e-bc31-6a32da4f9735
gsyww7vpowssmilo,4fe5a7f5-62bd-369a-85b5-2d2ab61f229d
gtt8xigorlry3ct7,f209fd84-74f8-3966-a2c7-4d5b7ad284af
gwn1etpz0kwneeqm,8cbcf959-1c02-3c79-a664-2a52e3978851
gwxzumvxzh6amfjj,7517575e-3100-325a-9530-4100642c47ec
h2lkva2ksg,154691a4-d035-3319-89f4-6c70239d02f7
ha0,3209c726-d6a8-3182-9a4a-20e152c2bd6a
hackerday,ef7e05c4-3bb2-344d-a4e5-eea04cb3320a
hackervietnam,d42bbce2-8b9e-3ee8-8491-af011fc0b478
hackervn_123,b1b27bbd-b807-3acb-82a9-40f12a5e9db5
happypaintard,fd90fcab-863a-307a-a9aa-0e371b88b645
hasagiyasuo,6b94afde-86e7-3c22-be1c-873967b4498b
hawaii727,b975038e-2108-3418-b19d-1ebae3e8b086
hbumonvju04ga28v,ba27a76b-5120-3c79-9044-5421fea16011
hc7p8noowl,9feadafd-1ed0-3a99-a7ea-8e93831656e3
hd09ukpqdj,53b8113c-d2c0-350e-9926-ebd9360b243c
heliocentrick,de12cd3a-6c2a-3940-857c-4fa09a9508f8
hellocacban1345,38cf59f2-3f74-3235-a9b8-32bccf2f6970
hellocacban135,af1311b3-387c-37fd-b35d-e3a9995e4212
heslop,3a8437a2-bb68-3e46-bfbb-7c7fc7d42824
hightinker,5faff376-d752-3c72-bc61-629058c5c201
hiqepixel,767340b8-9fad-34d7-b93d-15ff47439c85
hjz7vfeij_35kjgh,9782829c-a521-382c-b04e-d11c3f961f47
hlipqzpl0kayd4id,0a3314be-c013-3b50-b5bf-adfc31b12e24
hoanglinh11,58abae2a-2d27-3448-baa8-cb688425314b
hollabro,11c7afc5-ad6d-387f-b3fe-74038be13e5f
hp7q7tl_ndjrgvcx,e352ec27-a317-3aca-8c86-56fe84e447db
hsgamer,9d5cdec8-e351-395a-a82e-57625e838e33
hubie_tv,4a1e76b7-be88-3a8b-8efb-9e500cd03f8c
hudsonhull,7a244a6d-a751-3112-a216-8e6c1b5b1aff
hung399,9fd6a993-b97d-3e5d-a967-c0a5bbbfa6c9
huskychan,6d6b2312-0a7a-3b50-988e-5ff8c5fdee33
huygaming_vn,7a638508-18c6-3b68-8ce6-9de3136de609
hv4ga9zbts,5ae80fff-ff6d-338e-812f-7078e2d40b92
hydraslimexd,7963796b-3c0b-3ef7-9a2e-80b9df885603
hypergames69,305701fd-39c3-3cc8-809f-7f96b27ccf9c
hyperhyperlp,c6f9bfc6-6dc6-3bef-88e6-2554154b05bf
hypixel,0b17dc79-a771-3a1b-83e9-56bd64c3dbfa
hypixel_vn,031b113e-9514-3bfc-88ce-6477d354f339
hytwfy,d29ddece-19ad-32e8-b569-83760143ba98
i14i_igxaewne873,6b591580-87c3-3a97-bfbc-25a7df4dbff7
i7byhiolabaj_dax,02d4488a-8930-3b96-8656-b64225c37f2e
iamkhoa_vn,d17c6572-258f-3f34-a629-c8a81a1e4967
icespraywand,45eadfa4-b99a-3d82-935a-592467846c39
idontlikeyou123,4d6cd3cb-89d1-3c79-9e63-9e9c56be40ad
idrmsxpubre3u1lr,433916e8-0518-334d-988a-53f688031a3c
idts,71d415fe-f0e7-3d4d-b841-64c25b0b8254
ihwkpesurvt7fcmc,f8fe54d5-4c4c-3d94-af9d-5fafce049ba0
ij6pjdrmij,91918c90-38e7-39fa-9a37-6c9f809138a6
ijaccy_vn,7551738d-8e8d-3ef6-bf66-3c0bf378dd35
ikditmgo6tiijc98,335194fd-c150-3bfe-845f-799298c639b3
ilikoback,419a1da0-f1ae-305e-a6f9-5278140494d6
ineedtomowmylawn,08470b27-5e9d-3a7c-8044-6fbbd027cf4f
inoculation,9615b419-e829-3280-8d7a-1adecc010d2a
ioxyvhmy_fuq5d0y,3709e9ca-090e-3603-9f41-1cf8e6265c72
irot3m,4e5a2983-7b73-38a7-a1de-0e2e71f48774
irwinkerwin,3c751895-5c2b-3df7-b6cf-d59d38021dae
isaac1421,8255e0d1-19bb-384d-b538-7b91c93d1a32
itsjhalt,efa0b141-3cbf-36fd-8ab4-253a2278ff89
itzravyk,c75c68e2-cde4-39b6-a6ee-14d872065643
iwoveyu,db024328-c8e1-3493-9acc-44dbcf4d3871
ixypzgqp0d,c4aa052c-2e10-30e2-bc8e-91b6227a789f
iyedgameryt,b6e9cd58-887d-347e-babd-75c56612c191
iz3bgwvbv5omr1ms,55173b16-7f92-35c8-9ffd-6e30dbf940b5
j5ucml_b8oslpozs,aa161898-4cbe-300d-a981-271bea69fea4
jackson572,112fabc3-33b2-3376-bb41-30aeeb3bf5e7
jakobvi,b6311b6a-eab1-3027-9f21-b6fa2bc0e1b2
janmarinka,f26db46c-2f39-383e-913f-6f3610e2a2d8
jb9m5fu3gtr5mdi_,5aba3ca8-0f1c-311a-a825-cf1e982cd9ed
jdjled2wwr,abcba006-d323-3895-a17b-0545d8db76c2
jdsnuff,11259bbd-18c4-3807-91b7-465f31ebc18e
jelly6th,5b5a472f-7e4d-3328-9bd5-d53562fc646e
jenkks,ce932f74-dfed-39ac-a710-1a43c8fd54ef
jiqhv2xffzp4lhdj,22b865f1-3eb7-3f6e-b765-e6fa2e6d7e2f
jj1988,96a134f5-7f2f-383b-8995-8a4622ddedf5
jjro3oaox7eonlxh,85980db6-2abf-3883-b9bf-4538a9d6d0f1
jmart85,f3f4b2c7-985e-354c-ad68-e1a98939b20e
joebobdude,ee9bbe82-06eb-316b-9e24-2bed529f78bf
joebobthedude,7fe692c2-af60-366e-9be5-d64932d0d510
joey_dev,6ab6d77f-e0e9-3e0c-a707-32d22782507e
jptaika,5e7f8580-0132-3265-ae51-8cf2c7ed2cdb
jshreder,61fc2fd9-2ee8-3b5c-8f41-9d9a33ec4d61
julykun,e92dd45d-582d-3a85-8804-7fd00494be80
jumpnhart,36c7be63-aba3-30ca-ab59-7d90f8cd11f5
just_so_epic,e50f2fa2-410b-3966-b8af-1eff3a6a8cbe
juustice,8c1056b0-cce5-3d1d-931d-3e41e90c1c26
jw7tmi4ensklkm0h,39fd0ea6-18de-3d93-a94a-fa3e7e289409
jx_jeswijinej9rj,bc2da981-479e-3e83-ae67-e4c747fc32e2
k1dfylsztg6lrsnp,2758848a-53a8-3d08-8c18-b16a5f4bce54
k1p2ytkzcks_ovpq,bdb319ca-9161-3d51-8bee-62d46e1c8c81
k4fydmpcgwfm6w9l,d4aa3f6f-a415-345a-82cf-0ddc0d71471f
k5j8tkpwwh,d9d66968-2bca-30e8-baa1-a6a23ec7aac9
kadenson,735d3990-aa17-3827-8509-b4294c70b463
kadoro,4772995f-5d24-3301-bf25-3f12b9104028
kaitokid1513,5350d849-325b-3560-8757-e3beee417892
kasrith,e6922fb6-a467-35b2-b8b9-2226c43ecaa5
kassial,6a887298-9105-3892-9def-6d770614fa64
kaymc_gamer,5ec2f977-41c9-331c-a7aa-38a9277acffd
khangfromvietnam,08eeb2a8-a806-39d4-8306-e466bd4819a0
khangisme,65169f63-4e69-3f5f-bc30-35c61831bae2
khangt_vn,ebf07e10-be03-3186-b4ad-130acaf01f52
khanhhuyco,7ddb8db3-5c07-3dcf-99ad-a5832350cedb
khoiunagami,595d1d0d-4e58-3f5f-86f2-945bfba97255
kimsoroxlol,a40cc9ba-1797-338a-a57f-2148ad296261
kitkatbar01,2d9071e3-4f27-33ab-81ae-128fa33f173c
kivipl,76f3506f-2bd2-3414-ae50-cf62b1aa0ad1
kiyf8axitdllt1_j,7cc3b8d4-79fd-3478-8d95-137e25615035
kjxs2ammox,6968e411-2743-3bfc-a420-3aff353c0d87
kkcgy9rlbggy0cio,9f6ce674-9a5e-3a43-9a98-0ac934b193c8
klanz,e6775d6f-3737-36a1-87ac-f9a29bbe9b82
kley1313,d69d8f60-a04c-34bc-a8b8-eebf070e322d
klondiiike,240a6151-6dbb-3e1f-91af-1c3d505300a5
kobbyxdgaming,47f7ea78-89a1-3626-b018-3627192f8f35
kong999,fe506cc8-0f43-39b7-acd1-1331ee025a29
konseince,cda30f79-a7bf-3951-bd00-a0ebcd6691da
kq4xp7cazjcpr0kf,6fe29383-a8b2-3e27-94bf-b6237d71246e
ksawuskrol,97560ee1-97af-382b-90ab-93d9c6232609
kudene,6ab98070-3872-3849-b22d-ffbc2e8c1e52
kumilightbulb,a7e4c7fc-fea4-39bb-9bb6-087f0ef9aa0b
kuneoicuuanhpls,f84bb14c-2209-3482-93f9-6dc1256824cf
kxrma8059,0a3571e8-6fbb-3e65-ae3d-fbea86316b42
kylearmy,24574356-6ade-3161-bc3d-cca68422fd27
kzlgpei8ueol0out,f73e4fb7-437b-3348-b9d5-862b27dc52d1
l0rd_sandwich,621b7465-084d-30e3-b9e0-0838d140251b
lady_scarlet,5cd9af89-9045-30ea-8440-b42a8392745e
lbsn8k3kqlze6vid,3bf95db0-1eae-3c27-952c-24c621b443e0
ldsflame,40dfafd3-5480-31c9-9b0d-ac6faa297c5a
leaf_dragonn_vn,27370f16-68e2-34cc-9f64-d2dbd74c1075
ledbvz1172e_xykm,8aed3cef-f8a8-3e18-a922-53a5a9fbdd05
lenisorxdalt2,d53464a0-697e-3095-aaf3-096792e972ec
lenisorxdgames,702c30cf-5285-3ee8-ad98-a04fabda87f3
lgtn7yacdx,7a86bb7a-e40d-3955-a31c-68a8713dbd0d
lhnh4spwec3olg8p,508ae41d-24c9-3c53-8205-fcdf1f6ddb4e
liamnotliar2077,8c6c59c8-dcdc-3d6e-88ae-04cdcf3aaeef
lil_twisted_6,fa6a96f7-68ec-3e9d-ad32-2f80925cf3e0
lilbuddhaman,9f9b59a2-b5b2-3fcc-a92e-b71fc5b7c419
limeyman7,55ee55f7-bc15-3b3f-b162-087ddf95a1c1
linzat,acbbd9cc-c7cb-3049-bd46-57d0ceefe0cb
lion3993_vn,ce90d87d-3eee-3d7e-979f-3ec4685ccb35
lkq3ejjakkzgbpzq,570760a2-32ee-3258-890d-cf84d410aaba
llqsvbdjtc,8c4ccfdf-79fa-3af3-a517-4a9ae060a96b
lly6jntoypfkvzck,ed4af30a-ef93-3907-972b-5d657012a36c
lmao,188af2b5-335d-36cc-94a7-15ba92a5825c
lnb1zuwn4p,ba9e2564-f6a7-3d91-b808-4c48a29c1215
lnwafoyfu9amf2qv,ab101679-e7fd-366d-8ba8-0380eb53d909
loloof85,fa233895-2e83-3427-93b6-2fe9dad19a6e
lucasgamingyt,a57ee846-d082-3506-888b-d75ac54cd103
luizbaam,290c545d-d3ff-3e8f-b50e-99d820da2fe4
lut6zpmpaxjndoyg,0632c3dd-ccac-31f4-8eb3-15f2048b62b1
luveee,6e450fd0-bbd4-3e29-adc1-fe78d06c1adc
lvlzev6c2y,4ba3a978-7ea7-3424-8f02-0f3c3643dffe
lytrihang,2664b711-aa23-368a-ac77-968b7a2a7a2e
lzjpbreco1,84286bd1-cb05-3a88-a7d9-dfe0db162e5d
m3y5hdongk,3f41ec87-a361-31cf-b8df-3ced48889351
m4cus,3ec7b34c-ee46-3893-978b-c81bc0f9c67b
m5cppebmel7qozel,eaa43ce2-e645-3cce-9e3f-d907c2f6a781
maciek_tm,e0cc53a6-1313-3f17-be73-f40ebbd2bed1
macmorgan,af6aa686-d398-3082-b001-241a0963912f
mad_axe,5c7ed417-6a74-3c9c-8f40-9d8c3e50c197
mad_maniac,915c867a-6d49-39c9-9a12-e6e043334994
mad_pickaxe,e63c9801-19f9-3ff1-9775-3fbe8869401d
madpikaxe,eaecf18d-250f-33fe-8f05-26d1754797e1
maria225,895ad796-b1ce-32cb-8468-1cfe4a794a4d
markthekiller,f744e8e4-8db2-3aa2-8a48-32b8beb7a10f
masckope,72f47461-cc01-3a61-a49d-e951271d2489
mattyhastheforce,1a78bce0-6f71-3a25-a45b-bf169a2c2d1b
maverick_beast,d61b390c-4543-3cc5-9f53-f5aabb1d5cba
mcsirachan,e082605f-0f59-3755-8bff-c508ef67b86a
mdtop6yixe_qiuwo,a3559825-5292-3b08-9b6b-47ae78ff2b3a
meme10rd101,194564b0-7db2-3764-b1d4-e471493e3091
men_boong_man,0942bd64-6b59-333c-8e84-465975459d47
merryfred,99019494-b2fd-36b9-ad7a-b94d3dac2b3c
metalpants2,503aaa12-04e3-3dbb-a273-54dec44cf713
mgbroadcast,2d044007-34ee-314e-801d-7f048d28d925
mgbtnmdom2vkmffk,1b46bac7-387f-3c63-bfe0-a1ab13ca18b0
mikelink_,0d8f1629-84f4-368e-a7ce-fd36f18fcf4f
minators,89ca7020-08d0-3b90-99a1-7786648846cf
minerman183,40dd7818-3171-3d12-905e-53d46ee6ebcf
mingpow321,ec35cf38-19c8-3e1b-a27d-5d71f92c4b19
mini,a1ab26c9-8790-3ddc-a289-d3c33bd35bb2
miniflex,7ea28941-2d2c-334d-894c-86c61e8a6ec5
miniflexjav,3d482406-7d31-3611-bc19-a6116a17484a
miniflexjav_,476c0121-1f9a-3856-ae3a-b334970c1e03
mipe_,60b745c0-1873-36e3-94c7-e50cdb80b599
missfield13,9ab1468e-5fb6-32a4-9c84-48632ae09066
misterz_noodles,85edf316-3dea-3083-adb1-1a29ec96c6d8
miun3rfaaxvyehba,a020a33f-2dd7-3094-95c1-984b24371c8d
mobsterguy,e4ecbd64-3806-355e-b0a6-fe5e033a0781
moonvn,9d991de4-68d3-32ef-8459-229a3124be5d
mosest,79d4f867-9bd1-31fc-81b5-957703372953
mpooayhpt_nclts9,4bd131b9-9118-36de-9370-ec5b16d8313b
mr_boomer337,3de7cddf-8b03-3e23-a2cc-f5e6c6074f96
mr_natkung,489576b1-5a13-3383-81c8-edc9e54cdf00
mrblahblah,da704c93-a742-3e04-abe7-e55ee23f8ec0
mricine,846878b0-9ba0-3d55-a024-0c9d359b51af
mrn3pka1ceiooqvr,8f17b6e6-0a84-3d8c-a558-41679860f75f
mrqqgguqm37ttole,db7dcfab-6790-3cc6-a5b4-5eea01565f4d
ms_adian,2d871c98-8504-3b0e-912f-5734c3dabfe7
mtndrew1,18705b1d-61cf-38be-b399-32dff99e6166
mtp26vfvt82btdty,cd57fd03-1699-38f8-a4c7-6d91a7f88dbe
mtscvg4dz9qovnfi,85f3c9d2-da94-3807-bf32-d0928b165631
muffin_plays,a5eb17e1-5e7f-3a2b-90a9-2484e28b0e89
murderrr,58845f23-6aef-3071-96d9-6dba0b7cc481
mycrbdis17n04,b7670d31-a067-3ffa-9772-18816cd2f2be
mykei0,27f3aea1-12e1-3e20-9e6d-a1c0c952afee
myminecraftnow,1f1c8b2c-d05b-3d04-a34b-6ca43e9b9c81
mysticmock,c323d3c0-cb08-35c2-9caa-0d0a9eee0b01
n0cmr7ihza,a4411fd2-25fa-3909-93a7-e9d365c1ff67
n2uweov3hd1vvp_o,2f5e7d65-a880-3213-a56b-06a2c2bc0c1a
n_nf_itzziq2wygk,ceda962f-3ecc-3d31-a2fb-5cd8c9adeddb
nacvy1jfgq,94d006a6-f74f-3ac4-9856-71820a5953e3
nahegomhnm,7b79f55d-ec5c-375f-8897-fba7e0e84e9b
ncxlrfuve1muv5al,9ebdc69e-154c-393a-91d4-c6ce17ea647a
ndkumlqqe6yieit4,df6de314-5486-36d2-be1b-dbe78da26003
neko_kasugae,bd9c324a-785a-3299-92a0-70da7fb0ff90
nekocraftyt,f5acd31d-7109-359e-b0f9-18a37e69bcf9
neques,5babf2bb-1948-365a-bb5a-4448a04ec4be
nevermines,1eaf2818-6f27-32d1-8203-af74be06c346
nghi858,47f553b3-f911-3bef-aa36-765654882d3d
ngk0xiaercdg7fca,ae7129d4-7c13-3668-902b-e74bdc96b54c
ngoc4521,0a1d8c0d-a129-3aa3-b5e3-7814efffa2c3
ngzt7orn6mjfsdbx,9567fdea-fa4d-330b-8ab4-a8c3ed5a769d
nh8sr04e_y6h3dv7,3deb9ca1-019c-3735-b808-f36b5c660f57
nhcae0gjn83ag3sp,449e9126-e010-3b01-8005-b50af65c52aa
nhimon123,20da5da4-443b-3a27-934f-db125294723f
niell,1a880afa-9f0e-3c73-a359-a755b5a500a1
nightmarefox,0f53c42e-66e5-3fa5-97af-ffa90902ca2b
nightwing_76,2e655442-59cb-336b-9e4f-6671388c633d
ninja481,fd0d47da-b0f2-3a2b-aab2-e9b572498355
ninja_hax,0f7fe7db-79ad-33e2-9c3a-2b2987d2ffb9
nnathan,aee9746d-d637-3fcf-b56e-e6e2803a00d7
nohackjustgiova,ea294ee9-6ff1-3b7b-8fe9-2d3ba147f5d0
noob,84416e01-e1f7-3009-b000-15fea8ba93f7
noob_cat,2720e23d-2e15-33a7-88ec-97161d0ff81a
noobgown_vn,2d4778bc-3a21-329a-b9b1-a18cdd9c5dc5
noobmoon_vn,04771395-4d5e-3de3-be90-6f9b7534c5da
noobsadmcgm_vn,9b760f29-d799-3dcf-ba48-b8296f9950cf
noproblembrah,170b2c06-0eff-3e8f-b72d-19c38274a676
notabig_noob123,e0757c18-ba2a-39b8-b024-4a0cc13c8ed2
nothingv2,a49fa590-e7b9-3f6c-9e38-49820991283a
notkuzad,af93f150-6acd-3015-8b00-b219058d05e0
nt_2zbn6xhzbhsvz,d07f8b68-668f-3dae-a906-1149df8438d2
nuffin_n,d196f7d4-0c8a-395c-84e7-4207a68313ee
nuht5yhbahfqn0jk,33d261c3-c470-322b-9838-e8116bee2fe1
nuttellaonteemo,cea8218d-32a8-3ed0-8cd3-b791dfd6b00f
nvx13m_xcycrha4x,6cce941c-fbe4-3b20-a901-a2523f5494d0
o0pminp6xebrtdu6,04d59903-7380-3827-b3d7-c4280e9166d8
o60wybi9mhxkrogf,87a2e325-6419-3e3a-888d-1e71d4ad66bc
obcmscpiu6qclznb,53e30908-fd44-38a5-97de-92da5a0aaef5
ocl8ufyfs4zwptxk,82aa1e86-b941-38ad-8d1a-e3c277fe50dc
odason,e804313c-aa1b-33b0-8361-75270bf2562f
og,64ba9f28-05cc-3d60-b838-10cde1098bcd
og_ninja_gamer,f7b9fdfa-8ad0-3c66-b49c-604ec38322e3
ohl1on,6df0293b-d1ba-3f22-8db4-a35847c15da8
ojpnobeast,9a7db2c7-3a7a-39a5-89f1-8c6939e7d94c
okiekgcapnpfc5rj,5dd84401-4dc1-3669-a057-3a7f1b95f9b4
omg_ozzy,0cc2df61-7fde-3beb-a1d1-550a765fc4a4
oofp3mrkpr_dafew,86801480-aebf-32c9-a45f-8c11e14c9a51
oops_banana,90b0642b-b4d0-3789-8edd-126edf30c50d
oopsbull154,8e50b50d-f5d8-33be-b3d5-7739ef018af2
oqz9omwx55_bfzh6,8a70cc84-a1fb-33ba-8113-7690a4a37a97
overlord_b,392930f0-ff03-3bfe-93f6-c634f9aaf731
overseer,16ae386a-9f30-3b67-bef2-a545f7b7a417
ozv3b1l7eozcte5x,906cb5c4-0dfc-3503-bb34-31bbed3c8574
p17cagmyw5,7bbd6faf-ace8-3512-ab23-e49007b37c8b
p3tjyz_26fv9q5o0,9b3c011a-f0e2-3dd1-89fc-50d7112e26f6
p6bcgpfcqds_akp8,808e277e-ca48-3b59-a67d-d081e0316c0f
p7sfgs1qmv6unov9,9a18f1a6-dfa2-3b90-927d-c8b97f960e7c
p88osonca4,4f93da56-0ac2-309f-91bb-0df41cac1262
p8h9xp9v8sr3z21n,b15da292-53b6-345f-b50e-503a93551f62
pandaanime_yt,36f459a1-e6aa-3150-839e-d30aa793196f
pandamarino,7f29ff0c-678c-3777-97fa-92c54cc8bf87
pandamarion,87817e14-3f65-3e40-a87b-bf2ba44bfe90
pandapxl,bbdd46b8-c04e-378b-94f1-fc3f697531ca
pasteru_pvp,fac95337-f8c4-30e7-890d-f53668dd2a44
patsteirer,a9442760-e5ed-37cd-9902-04eada377840
pawlo1020,9a210f8f-994a-3635-a096-a984c02147aa
pgank,ee7cd76c-a72e-37f3-9dc8-df785d5838fa
pgsdcgql56,708b8bd6-ed58-3def-b910-58c11beb8715
phifft,7e7c7d72-021a-3a47-81ea-d2392458912c
phonggzz_vn,373a5c8f-f02f-3a28-bb27-e50d15f9c7b0
phuongbr,012906b1-fb60-39a1-b8fa-78eb344a470e
piackes_suck,de1ecf91-8212-3855-83f3-e6b697c81f08
pickaxes_rule,905acca9-a470-3aa4-bb7a-ea3456267c50
pickaxes_suck,16969375-6445-3646-af62-da539820dfe3
pigeongrief,f5a4eb4d-fd8a-3c60-8063-64932bc2d0a3
pinksxlrd,2d6ec3bd-ee31-347e-991e-3fa6eb9b2310
pishe,c645f8d2-b10b-30cf-ba2f-98fec0e8a3b1
pixel_gamer_boy,30fe1d4a-dd47-3edd-9b67-23a0eca334be
pjixtlrqfd,db31404a-6427-30a4-af66-0bc868a0c346
pjt0620,25582022-84bd-32c2-9d48-761194a5e3a1
pkm_smo,ccb87e1f-c6ab-3977-84fc-59eeb8ced6f1
pkxq4765yn5tzpgg,e0c0e4e2-9636-309a-8f3f-711af734f4f1
player,a01e3843-e521-3998-958a-f459800e4d11
playgameboy3,141f1b96-37d7-3455-bc3e-8def0734392f
plzsubmychannel,d09a9be0-90c9-31fe-b90f-f5dd389baf0c
poddamebozkov,2b97ab13-1d11-3eff-aa55-e89e86cdcb4a
polrs,76623090-21d2-3226-bd3c-80a8b35921f1
posidanvzeus,7567a70c-ce28-3d8e-ac6d-373d25c3aee8
potrod,ca63f392-4042-3542-974e-5d96bd9e1608
pr5uguktndu9sats,b4f1487d-97c8-36ab-bac9-8ba6d243618e
preciousplayzzzz,e83c36df-a981-3086-8726-75d53c68e39a
pro_team,55aa577a-b256-3251-b7e4-8e8b30b034d4
professionalz,ef4348fd-d76d-3452-be70-11c1df400f87
profestional,f238383a-8afa-3ac6-9405-96ec1e5f91a9
protectdev,9c18a494-89b4-33b9-9a31-14ac8e3aa49c
ptvlaqw8un5wxfms,260f9536-03c0-3192-89db-5f67d0cbfff1
punisher2404,9d68b3a8-4c6e-3818-9df2-5c9abd7e6fba
pwizsawh5aobcgkw,52030369-1521-3b26-b3aa-70bcb827e0e9
pzixhwkmi2f5rxpr,f46a938b-1e0c-3659-b7f7-c7955e4cf196
pzpa9ov00elvamxm,3ca6b1da-6a58-327d-ac1a-68c766f09c2b
q13dmblnfe,7aaa9bd7-2c2c-369b-a86b-245704e046c8
q8hp9pmugrybssj_,a7126822-e68e-3b90-9105-6dd2edd9e99f
q9ja_ieo6manyqjl,a6001c5b-690e-3474-bf8f-4f82448476f4
qaxtqxktaoc5adec,7b57df8b-df0e-3061-802e-7dbce000ffd4
qeccfixjkw4d7gjz,c39bedac-d833-3fb2-8fb1-ae8f1c913f80
qggctfwfk67zyyzu,83311aca-f95b-314b-b6a0-5ee7acaa2b10
qgmtjrr1tgr7ocxl,6d0de572-386e-36c2-bfcf-8a29932d52c9
qhsuulw7yepnhjxs,5efe7058-e95e-347f-8e22-de6d4d74cd68
qqyagrdrzyuc3qib,fe916cd3-1597-3591-b878-2648762b71ed
quick_kick,600a0f3b-537a-337a-b2c6-4a166245c192
quyen_gamingvn1,d966684d-2cde-3ed9-92ed-7a43a70fada9
qwertyuiop_hello,25302a20-ea7b-301f-8b4f-32d751273ea8
qxz2mhsure5absh0,a28c71bb-130d-32dd-a83b-ee5744714e50
qyy_z87mrnrqvlbr,7154293f-1c3e-3092-83bf-10a13775ede6
r_89sujawn48ascs,f1442d57-b011-3602-953a-e106412e07c7
ra1z5623,3839bd86-1542-32b0-879b-ac1286ec91df
rainbowcutegirl,89074774-6f73-36b7-8eac-df999d0d05ed
raiz5623,ed14f1d7-b905-399f-abd2-af4f42417fb8
rakonei,a068cb19-32c1-3b66-8ea9-233e746cb1a6
random_npc,615ce6ca-b533-3705-9740-c24e882dfe8c
raspyvoice,77422474-c14c-3a6b-8b3e-6e874176c702
rdggkx7l5dorf29p,b109bb77-dda6-3be5-9ae8-3dbde61b0c51
recrox,48d264a0-ce7f-305c-830a-32b7256232d0
red_windows,12728f16-67b2-3632-95e8-334af45e54e4
red_x3203,bdc279cc-c385-3f08-a416-9aaf67efdef4
reeeeeee,4929bda1-77e4-3a42-878f-bd067d188cae
refracction,96e05a25-947f-3470-bec8-aaf9b3dac6f9
reto39magia,d3b7795c-b3a3-3c47-b555-fa127a5708ca
rexaresxd,4e7bd253-dac9-3b4a-9ac8-0e228f61b60f
rfshczliosxdl0qo,b6aca059-5a15-350a-8e8c-1fea7cfd1ed5
rhosid,9b3416cc-1ce6-3f69-8435-b6a0324578cf
rican14,e90cd995-abd5-3f05-a93f-f6ef104e7215
riccoitsme,4610c41c-1781-3535-a0fd-9e58195ccae7
rinnchanvn,5da22bbd-3797-3bcb-aa8f-b9d30a185275
rk7k0mfmm86caf30,b0df1639-ea59-3b20-8568-2606f5845c07
rkvejb0pok,a552fa98-5a92-31e6-8767-a5a635b1815d
rky_vn_gumballz,188a723a-db45-3f92-9515-51f3de78d32c
rky_vn_hero,7b178383-2a22-3af5-be0b-79a73ee6f4a2
rmwfnwxw3d6je4vo,ee3d0277-1640-32d4-a2db-372d5b8a82c2
romasto_001,c1fdc957-5e61-3d17-9f8f-78d9c7d37165
roscoepig,643ee98c-d3fe-3f65-8116-d7201123ed2b
rosdower,421ba7c7-32a7-34d7-a226-d3e3a3d0c78b
rqytkg0trwmacbjd,4914e29d-0fce-3dde-ad09-2edf77fc8c1f
rtv2015,093af294-f288-38d6-8b89-d4988f428844
ruane371,ad7e0712-3298-3fd3-83b1-5f30fecd66cc
ruftylegend,35cf8ef9-6985-3189-8703-c4dc21d322d7
rwbjgfg8j5r6tono,c7c63b9d-c1b8-3e96-84bc-f37624719b02
rwhpj4wf4alauiax,669165dd-7663-3e6f-b2b0-51adca4eb724
rx61j5tut6hhhrmi,85338501-ed3f-3d7a-aaa3-97726e7d6560
rxsrbvl4xtg3zdky,ca83a4ca-89e9-3210-9090-22990d5830db
saintsgamingpub,d223691d-197e-3cd9-9e36-6b9e3d1613ca
saturnyt,7baeae3d-535b-392a-987b-75cdb3bd0215
sbqszz30jlm6frv1,43408e6b-e1c5-3a67-be51-561315b1c2da
scarknight,a59c464a-d645-3d7c-ad22-88af105e4141
scarpur5,e62eb1f5-92fe-3753-b89e-e89258d50a30
sccrfreak9,afa788de-541a-330f-9b6b-25e76b35f107
scorpion222,18796f87-01d0-3716-9239-a3fb960d614e
scotbrown99,fc96d105-1b3f-3454-9bf7-fe5fdf15a841
sebi9001,372f2133-2575-3390-985b-39c428866079
sehch2hwwubn_9nx,63ea13ec-6f7c-3beb-85b1-aaa29cfeca47
sejm4urozmaxp5ev,a9620cb9-a4d4-3736-951e-612545d89f19
seniorhost,2cba5dfa-dbd6-3b31-9417-df28ba10720b
sergleqder,0da488f3-06ed-3266-9ad3-f7d89b9c222d
sexymamegoma,0ede18ca-462e-3cb9-b241-45304a822f29
shade249,30529105-b50a-322d-8782-9862666abf87
shadow_vn159,0649af08-3b2e-3af7-b02d-90595ebdd760
shockvada,2e8cbbad-495f-3d7f-89f5-7d8627aa7d5c
shujaatali,dee95ffb-9f63-3c1a-8c2b-680933949014
silentcricket,945b256b-173f-3348-af8d-f547241d4182
ska_ninja,6c280bd8-c390-31a0-8cd1-87156455e3f3
skaninja481,75daf86d-ad68-3b36-bab4-8e4d6c2fe517
skaterdjdude,235b0b3d-8df8-33bb-86e9-f40889f00ee5
skeppy,878581be-ff1d-3b6a-9ca5-93fc264c0c9a
skillxsn1p3z,a48e8a8d-13fa-3c28-9e9c-bb02fec4dc7b
skq98sotkqbehr5k,1dea0ed8-ee14-3268-8b34-69376166c198
skygoplay,aa795a47-5b6c-3194-a8b6-31d7a861b5c3
skytwt,a005f2d3-a436-31c0-b16a-fa618c7cde78
slavv,14b7aeab-fd50-3b32-8b22-e25eb795a4df
slayfoxjr7,27965999-a44b-3733-9560-cdf52530cd80
slic3man,ae4cb048-3348-3188-9866-4587d4eb1320
slimewormslp,d220d480-1c11-3b4b-b790-3437c8b57422
slurth,740de249-4a05-3700-9ea6-7f8c314d67b7
smasx,df401e13-9522-3d77-abc7-f16ea5dbeb10
smdfrylock,0904891d-683a-39f8-8505-3aca27bdfe03
smiley_riley12,f4590321-f1f2-3fab-bca8-f468b29500c6
snake_eyes,1f9e52ff-e369-3f54-92ed-2518a5db49c7
sneakysockpuppet,0ef803e1-030f-33f6-b0ce-2ee3dd0a60f5
snipermn12,20b0833b-4d5d-3df6-90d1-eec74e3ea033
sokucu31ahohh62,aeec58ad-6c89-3c8f-a9ed-3e9d9b4786c3
sonnek,486bcf8a-1727-3da6-b86b-934ab54f016d
soonica,24e732cb-906b-3469-9244-87b2bb43d689
spiderplase,758413ca-6093-3549-bce9-040acfe90178
spiderplase05,04cdec20-a84d-3f8c-ae68-10ce6b67492e
spiderplase4,6a4b31fd-fe4d-38a3-ac35-70d223312508
srpfloy43zqcphkr,3308a12e-991e-390a-ac5c-90e926fbd6a9
srtt99hwqxamgih4,7e7bcd5e-716b-3dc4-936c-ada1e51712ca
starman567,8a04c425-5d01-3059-acf6-3f27bd821c04
stashzilla420,9ce7e824-9e23-3b1f-9fc6-549b8a43f8ca
stevefromvietnam,0b958e28-d5d3-3819-8535-32cd530f0693
stevetech,08a498cb-0e2f-3b9a-bfc8-3a5e5d142965
stivekk2k18,e5f93497-4b6b-3dd2-b3ba-6022bcf9ffe8
sucll0bg3hvpbab0,f87b3c1b-0fd9-3120-9358-3bf868dd4db8
sunew,8cb098fc-58c4-3d8a-aff5-737f7800c7f7
sunshine3_14,ac349f7d-aeae-3c59-a741-2c566a6ec46b
superbin_vn,e6afd63e-35e0-3322-9684-b7fac212c776
supercheesec,ae5691c7-bd34-3471-b357-2cbff574da73
supernitro99,3253104c-49e4-3ce7-a2e7-91a31eca76e0
superstar277,067ffda0-53fa-317d-81b0-85615b5377ba
surp,b5eaa271-0d13-3d52-9a3a-4193da2f1c00
surpdewurp,9b45ba60-025e-36b2-8f6e-34ba968c2cae
svoklwyowz,4f106142-f802-354b-bd98-02e66f20cdfb
sweatyneet,4737ebf7-9072-3e2e-9ea6-666434ad060e
syotnnjuyx,a4840157-0924-392c-8fe9-265ec4358632
syriwdw2d5e_i5x3,19ab8ea1-e225-302d-b582-352afa335b00
systemerror_vn,e2b50f4d-ff74-3054-b6a5-823be0c4473e
szymek_tm,e5a99a70-a525-3c73-a6d3-1a25557fa3a7
t0206,b10b768f-72da-331b-ac1d-e06a67f5d31f
t3lhzd9acnsiwbm3,36ac8f36-2191-3a76-a918-0ec7241e6bc4
t3pe9cln6rpgqxhm,9e6a1b4a-b0a4-375d-9e62-706b199cc9ac
t7ypa4thbm9xyrzi,d4654f37-91cc-37ec-9adf-79ef26c26d27
t9qekkcwsh,fb7066e9-d1b4-3089-9514-5504382c8f50
tahaiminh,cdc5991d-af12-3e12-9aa4-11b2b6136097
tailgater,0e97f90a-58c2-3600-a89d-bed7ceb65d5a
tails48685,82ad0b29-4ef9-3eef-bd96-1274a8a258bf
tamd2p0x55umsamy,126e0241-e8fe-3937-a22b-8ba3d0c5cab1
tapl,77abd3e5-2ecb-3207-b282-0c1e1e4b546b
tavorrik,7ef4e7c3-17f1-364a-b300-1d1c8a443b5b
tcg_animevn,6f212eb0-b58f-3083-83e7-7804671c69ab
tdpw327di5l92ycy,ca502f90-e463-3663-8bf7-52a36c087028
technoblade,708f83cd-b150-33d6-b7af-ab56190a239c
terreneline,6d7b79bb-e5d9-3219-82f4-a83a832c40d6
terrorist_109,4c3cbd01-e197-3706-baaf-ed62942adaa2
th1alchemyst,80e50a9c-fe72-3d2a-9896-26af6396e732
thaiqwer1,45ca48fd-dcb9-3ed6-a3cb-00cd493eac3e
thebladersl,48b1ef3b-7622-3119-adf6-a161b21e68c7
them1ner,2b38502e-d542-3e33-88bc-cbc803381011
theravyk_vq,b3e297c0-00d2-39b5-b154-87ff3a008146
therealdragon123,49ee907e-78f8-3ddf-8cc0-183a32790924
thisackedname34,b94df9f8-7556-31d4-85dd-2744f52292b9
thistemper,a751a76c-5b9a-392b-8706-92f7795ccd57
thunderdz_vn,1ab77747-cbff-34ed-94e9-9327aff43c4f
thunderrlordgm,4e54d0a5-fb11-3f91-a10c-5062db871c32
tiger_brute,d97ada4a-bea3-3e64-b71c-d991fb687eb6
tiger_pixels,128045c8-5323-364a-87b7-b248b10544ad
tippythebomber,66757065-c78b-3554-b5f9-5215ba821de3
tixw3iqg_rtomkqe,a40aabbc-181d-32f8-8993-61d5462fc593
tjmcstuffins,b4c0b425-047c-37c3-8329-f145ba4cbd81
tlyd8t6ngihovk7f,6febf954-de5a-3b67-b9cf-0479c93a2364
tmartin46,869f779f-e1cb-3d91-8087-2673d4f31e47
tmonster_vn,bbd0acac-064b-3182-82a7-c641620cd84d
tnt_dragonmc_ytb,00ca97b5-ea02-3fad-90e2-c5f07acbfa67
tnt_hero,18eb8d60-5d77-3b0c-a9e2-676facb65958
tnukedrd2o7fxxah,22391c26-1f55-3ec6-a8f5-a746296ca5fe
tobi09,1557c87d-ee1a-3633-91ba-7dffeb4180c1
toofat2camp,f9d76a09-8d3b-3c03-bf1b-d2f34f135bfa
toxic__waste,397f02b8-6ed0-3025-bd59-72275d63c870
tramanh2k4,39032014-db2a-3157-834b-f396ba00e3a3
trancucquynh,fd9eaa5d-feb3-37ea-b728-57cec81a4f5e
trist990,5a3de30b-15a9-3822-8a79-3028e41c3a78
tuananhisme,536675eb-3ba4-3725-8235-8e9c2fd75e4c
tuanmc_ytb,59ea22ba-7e90-39ab-8c88-4a63864954bc
tuanmining,343a3094-3524-3da2-8556-4cd83a6cf596
tuitenkhang,498e134f-0b2e-3e99-b91d-52b2995c2794
tutimc_perfect,41ad0dda-82b0-388e-b84c-44db776a6a0d
tuyul,9ffa7a63-b11a-3a00-83e3-9beeb396ca1a
tvtz81koxlamlh6y,741f1003-38aa-34ca-afa1-623d3ff4cca1
twevmsvaf3l8deza,801e891c-b3f3-33a5-9094-aa36c44d2934
tylerrun,6a8c527f-4844-3846-9647-229d83301caa
tylerrun_vn,ceb39817-5ab3-3753-9897-c932c455d8b2
tz2pjrxvgag43yjm,d91caf55-4b30-3b6d-addc-b87234f7e035
u21lgawdph,cafc30a3-4896-348f-8c7d-a1a535f0c57e
u9krkikorqujr4jt,1520464b-cbbc-350e-8ceb-2cdf6b635d10
u_jp4iymtt7fnnru,1995fe2e-58eb-3ddd-8225-fb54b18786ec
uayrs16x_i0uyceo,037b36c4-b150-3892-8aca-00df98fbe460
ucun0g0zklm5zqf6,b7722862-0539-3fb2-abfb-eb1389d0d670
ufq1mhozbwef90nc,14549c39-3fc4-3d19-965e-3437f5f4b252
ug9ox7rk6fkcpgo9,5545e353-1a45-390e-804a-0c88e2e14c2e
uhij44bubl8llj7t,bbd13471-7d1d-33f5-a9c1-606f3195bae4
ul_cjeskxnxmkhhz,fcbbad8f-627b-3547-82c2-22bb375d35e3
ulr4scfg9o,e9b3d711-b15d-3d98-80c9-b2da32f27b0e
ultimateowner56,906ff6a5-06ff-3876-a77e-7177f129cbae
ultraclicker,ef4ffdfe-ffc1-30ef-86eb-131e27b14f42
um03ql6tbpqciry6,be3ce650-3528-3532-8946-6e52e0a95e5b
undead623,0117444f-db7c-35ed-8bc4-3b896d2d397f
unskilledtris,8ad018ce-ed1b-333d-a4f3-742dd14f73d0
upj2xrlqlr,4b9a58fe-2898-3e0a-bd70-637ef7c78a68
ur_a_dumas,f2e0f58f-4631-36c0-8659-6bd4015d6f7d
usagiwaifu,7593bf26-d5c1-3224-b729-126a94e0fbb4
uvolecd96kpugrt9,0cb41f15-fa53-36e5-a3d2-ea874bd54bc1
uy_yqg7pi0pksmy5,64f8cba0-fdaa-3481-a521-b2e8b207a287
v7mjmrauzkmidiss,b7e0c2fe-9d76-345a-98af-0e56876f6097
v8vrprwrl4c1suqo,d55e3c29-a4e9-308e-874c-962e58d16268
vaganimotv,44beabe5-bd61-30d0-a697-dd98f22d7be3
vanhvuive,bc0680de-17d3-3daa-b15f-bb2ce537d258
vapeslae7cqxxko3,506ed959-2d03-3b3d-8080-217b6789364b
vbgxxghjvjigca8o,74cecad5-6029-3f37-8695-45c501574354
vendingmachin,283f2eaf-7534-3ad1-883f-98bfcaed639f
verby30,43873158-d926-3fab-9866-2c61770b71bf
vg7uv_iegwljyj61,2f679e7b-0b69-3fc4-82ea-eaeb3eb9de52
vjulxbchbw8fzh1p,2d609676-bbbb-3f69-a818-cd4a44ec756e
vm2cmimrlzq3fnrw,63912f8e-7e7a-3b6b-9fa6-f3155085b91f
vmy4p9fqin,999aed28-3599-335a-8133-ff20f5113386
vpxmu2iwqsi7yqzr,bdf2a521-e053-3450-894e-ac56b73efb2f
vsujfmhkbi,ce9ebd30-8bcb-39ef-a899-1ec93b56d455
vuaatb2sbg45cnzy,8eef1a5d-a8bd-3f93-a0b0-16947a200ddd
vuz1ylznjrv91ah5,303ec4f6-86ea-31d9-81bc-84523a685a8c
vvprj2ploqivvjsw,5dfab724-7a38-31f3-95b1-c0998582d06a
vwmferhtv0ebmjf6,d77921f9-4a99-328a-8b78-c8485b6c3c17
vyjrnej9pfpqowpi,00b82795-6ce2-37e6-adcb-b2888429cd6a
vyrpcvztnlt0f5oc,d8f5552c-8cc5-3d70-9531-ec2343ae643f
vz4uqs3wz3jcx5kx,0f0e5849-9266-3179-867b-3072e7cd0a8a
vzn3hf4_hdig8ywa,3a14ec9a-4db1-3eaf-a109-249793ef54d3
w1jaaynkilb4vqri,68474b1d-0c1e-3d86-bfe5-d0d4e4e61080
w2rn5yazqcilfx67,69e1a5e1-c436-35a7-80cf-98d426601a0e
w7u_secre,9f9c9144-709e-3339-a5be-f6a8d791ba7c
w87hrlj5relww6lk,97b0f92b-bae3-3b8d-86cf-621a52e87cbc
wa_0fkbxhezlfvmz,b0bd8cfa-062e-3e84-8ffb-ef95a1647ac9
wanderton,01bcf1db-9f9e-374a-bdf3-3389d6d87474
wargonsnarf,a0720779-768a-303e-8852-a5f619595be1
websternet,9d116059-44ef-3b17-b83b-a971ca173eaf
wegz_kr,94224cc5-165d-3f9f-bc1f-9d54f2172ed0
wg5yqxo1ccsy1e7r,dd3f4d83-852a-39b7-ba06-a80f96a8c023
wh0les0mepenguin,5d498000-57ed-3656-bab2-92f6f6bee507
wheresmygreentea,985aca00-4bf7-3b54-9ec3-9632463ee009
whiskers20,b2423687-5743-3c7a-96cb-efaa02a47949
whiteknight09,b66e4cdb-0c3b-3424-a2a6-7b5c3dc46c4a
who4bwqkkb0hxyo5,8e5e3a01-c5dc-3639-aaae-c0702c55607d
whocutthecheese,81044ff7-7c31-3a64-9396-fb7b5a7018f7
wholesome_frog,4a82681f-fd2b-3f7b-bdcf-3dac3b48a8af
whxuln2fgoviq5lq,4a3f7083-c225-3a8c-8cdb-c167310990a8
why_not_solo,c2309b40-1df6-392e-96ea-fc863e42f03f
widget68,95d9c08b-66b7-39f8-a2f3-6b58a2e11dab
wil4wf3a7fioiep1,9fdd4570-0ac7-3a95-bde8-07d081105eef
william08567,f666b8de-3691-335f-af89-d20a3b2041b4
wimwlzkuneoeowsb,4a5c431d-4018-3b8c-bdff-185737f32492
windzvn,7e6da8a4-19a2-3627-9494-1d36c6de5e51
witjj5kg9b,26bde2c6-7998-32ce-8457-f6dff63df2c7
wkzrazjvan1s8ydv,d75a2045-620a-30a8-9c89-4e7ffb75785a
wnjfc8wo9m,de5e0f52-6d99-3d13-98b0-90e89b2e8bb0
wnxgk0syhbo5ys_9,61db4e31-67c5-3b36-98df-da681d6e4057
wnzlx2jilsylpiwr,00030c97-21c5-376e-bbb2-217cbcd481fb
wokkupnpfc,6c6317cc-dac3-3595-bf3b-082b6d86dda1
wugytaiw,8b0679e3-aca3-31a4-8386-6166c09acf2b
xblaargo,09ddc0de-8803-3dfb-954e-1905f0824c22
xdaryus,c8ae3fb0-2a48-30c0-a90f-f7f04f4e970b
xdpoyii5vfe_xqln,1e77cc8a-2e85-3f6e-91e4-c173bae1a1bb
xeefd35tnel_lvzs,4d1cc0e1-9aa7-36a0-bf16-ac99dabff737
xef6wnhdbu,4df8fbad-87b4-3c6c-a7c4-89f899f409a5
xesiphus,99b9bc67-145d-310d-bb95-ca00d35cb1b7
xin_1hpzapuaulru,18034a9a-de6d-321f-bf8b-8b12f0c4d72e
xkhoadepzaix_vn,f9f86487-5b0c-3b88-926b-7a1bfdef4747
xlfffuernhviswmf,396356f2-0f86-31d7-be6b-7cacff5ea0de
xmen99,95011a6d-4abb-3394-92ba-6d3f6c929773
xminimuddawgx,b9e77400-e135-3405-97bb-83b646f8b58d
xn6njw11wrn1ycrr,2a3bd77f-3d87-337a-a061-8e844bf33bbb
xn_7cvw9m0vqpjx3,74089992-af5e-30f5-b69e-61bf58c05a32
xnotjames,be6d2a29-3a11-40c4-a4fb-7b970d6aa48f
xrsf_vgplkuuaifw,ef1351a6-5ded-39a4-939b-e6a4123c9044
xrwolcdxchejwkfp,aea286a1-70fd-3bb6-ab87-d6d320129d44
xsr6pbvzrfaadqdr,010fcb83-1923-3341-b0cb-9c8265dbf5aa
xwqwpyu_kuybe3vi,702ed409-d127-37af-b22f-12d09aaa3687
xyopi04wgkbhau_q,1846cbb7-a18b-3c6d-8d81-e6cf433421f7
y0rith,477cf711-f8e8-3968-b076-2e36b690469a
y42uhutlkh0p6u8b,f1188a11-2d5d-3c24-9a2e-66c8d834cfa2
y9karwquqitokju2,fb9e05a9-9585-33fe-97d3-c9f8a64080ad
yai6rfwahomt4pqe,a64f48d0-0872-352d-b749-ec08337c567d
yatodoge,c9edf2f6-aeb3-3f05-832f-66a2e21b4c6b
ydduvzozu16_efua,5d2844ad-7544-32ed-852c-f69abb0b19ea
yeaarz,7186e85f-99aa-399e-a0cb-0bd3d3e56a0a
yeeiafcktrzehdnx,ff03190b-02b1-3d63-be9c-c2565916300a
yh94fjw5slzznm4m,30efe2fc-3118-3817-8055-c7846e2ea1bf
ykqonx3deuk5ko3j,05c15a08-73ae-3ab5-b5da-79cffa60cb68
yl0opqk1abotez81,5dd6911a-812a-3a6a-9888-3b519f2fa137
ylijdbbct3qd6jeg,0e3101df-e4be-3133-a82c-57a598484af4
ylpjfuozii,f838fb9c-556a-3cf1-9b58-640f16934b1d
ynqcrhk0l2bsby33,b09c338d-82b2-39d6-a1d9-e8922b9829eb
yonzz,66ea6b48-aa59-3008-b436-70de055ffd91
yonzzi,8459ad53-dadf-3ba6-9c4a-35bd04c67d07
yosu6e3sjkwnv5bm,598d52f5-e376-3eb7-aa6d-2ccacb5dc106
ypcmvcq7jt64vbns,2c96b09d-7781-3c2a-9487-f7aed2965af3
yq4hkkk2uhycbfxm,d7170d10-96ac-305b-8056-154471d289cb
yui2k,b2d6d29b-0b92-3179-99a4-c0c9611e4565
yvqwlh_hrrgztrnf,118643c6-40cf-3133-9b72-40f6bdb6d5d5
yxndiagirn9tabpm,e7323c63-ccb4-3b65-83af-14df50fc13c0
z1ukkvsvnjwdsdko,ab7b4cfb-03c6-310d-ad13-1efc0720409a
z3wjscge7fbgbqbw,69b82715-0eaf-3c60-be8d-c5ac79d39458
zackqack,cfb4ada5-b989-3cec-9c4e-493ff317bf3d
zangamingio,86c2e087-4c5f-3271-9d73-57944185cd26
zartan,74e1b8fb-30b2-3ffd-9c71-e70b236bd618
zartan_,6a33f6d2-4701-3f80-8885-2e9065fd419e
zerdlex,200ea4c6-86e7-326d-bf6f-8a8028cdb2b0
zewdz_vn,ae26dd7b-1991-3173-86ec-5fe6707da9ba
zifyycz,8fe1150e-43c7-3427-aaf2-0fc05cb25c72
zilverhon,00086d4d-3f69-34d2-8891-d5518ffae8f8
zrhsbomi48,1ee18a68-9bfd-3073-a566-2a7753fa143c
zrusher__,e6cc2654-12d2-3311-9ced-491838ddf174
zsli_verr,d5db65ca-cb53-370a-b63d-a93f00cd0691
zvctr7snk4xi5pgb,f10d5959-c58b-3761-b237-ad4341c9f411
zvdmyqqq995xrnpq,41d608c2-d064-3bcd-b7a2-11492a976b8d
zvq3xuvn_mmpyebs,24ed373a-e84e-3e42-9f21-aecab642198e
zyqz0tcnbrvnmaho,1e4a2add-54c1-3894-b9ec-0f26027ba9be
